<?xml version="1.0" encoding="UTF-8"?><?xml-stylesheet type='text/xsl' href='_UpgradeReport_Files/UpgradeReport.xslt'?><UpgradeLog>
<Properties><Property Name="Solution" Value="DjangoProTest">
</Property><Property Name="解决方案文件" Value="F:\projects\DjangoProTest\DjangoProTest.sln">
</Property><Property Name="用户选项文件" Value="F:\projects\DjangoProTest\DjangoProTest.suo">
</Property><Property Name="Date" Value="2014年8月12日">
</Property><Property Name="Time" Value="22:54">
</Property></Properties><Event ErrorLevel="0" Project="" Source="DjangoProTest.sln" Description="文件已成功备份为 F:\projects\DjangoProTest\Backup\DjangoProTest.sln">
</Event><Event ErrorLevel="0" Project="" Source="DjangoProTest.suo" Description="文件已成功备份为 F:\projects\DjangoProTest\Backup\DjangoProTest.suo">
</Event><Event ErrorLevel="0" Project="DjangoProTest" Source="DjangoProTest\DjangoProTest.pyproj" Description="The tools version has been changed to 4.0. This will not affect compatibility with other versions of Visual Studio.">
</Event><Event ErrorLevel="3" Project="DjangoProTest" Source="DjangoProTest\DjangoProTest.pyproj" Description="Converted">
</Event></UpgradeLog>